facility_name,connection,care_everywhere,destination,notes
Lakeshore Orthopedic Associates,PowerShare,yes,Lakeshore Ortho (PowerShare),
Riverbend Surgical Center,none,no,,
Cedar Valley Family Medicine,none,yes,,
QuickCare Urgent Care,none,no,,
Maplewood Family Health Clinic,PowerShare,no,Maplewood FHC (PowerShare),
Dr. R. Nakamura OB/GYN,none,no,,
Summit Ridge Cardiology,Ambra,yes,SRC-4K9T,cardiac group; HVTI handles
Harbor Point Medical Center,Ambra,yes,HPMC-7Q2X,
Portage Lakes Family Practice,none,no,,
